#GENE	CHR	POS	REF	VAR
APC	chr5	112175328	C	A
FHIT	chr3	60412480	G	C
ATP7B	chr13	52534322	G	C
LINGO2	chr9	29178757	A	C
LRP1B	chr2	141609298	A	T
CHN1	chr2	175779934	C	A
IL21R	chr16	27448836	C	T
APC	chr5	112164646	G	T
TOX	chr8	59851979	T	C
MN1	chr22	28193785	G	T
MYH11	chr16	15917267	G	A
TP53	chr17	7577548	C	T
NRAS	chr1	115258747	C	A
CDK4	chr12	58144548	C	A
LINGO2	chr9	29117698	G	T
STRN	chr2	37105068	G	A
NR3C2	chr4	149357051	G	A
ATR	chr3	142269072	G	A
ALK	chr2	29416591	C	T
EPHB6	chr7	142566125	G	A
SPEN	chr1	16202934	G	A
CIITA	chr16	11002009	G	A
LINGO2	chr9	28064983	G	A
IL7R	chr5	35876645	A	C
LINGO2	chr9	28778389	A	C
SPEN	chr1	16258997	G	C
F8	chrX	154157378	C	G
LAMB4	chr7	107732769	T	G
PIK3CG	chr7	106508397	A	G
LINGO2	chr9	29123273	A	C
PTPRD	chr9	10074741	T	G
FUS	chr16	31193877	C	T
NR4A3	chr9	102595561	C	T
HELZ	chr17	65119071	C	T
PRKCB	chr16	24230186	T	A
TSHZ3	chr19	31768568	C	A
